<?xml version="1.0"?>
<routes xmlns:xsi="http://www.w3.org/2001/XMLSchema-instance" xsi:noNamespaceSchemaLocation="urn:magento:module:Magento_Webapi:etc/webapi.xsd">
    <route url="/V1/guest-carts/:cartId/realexpayments-restore-cart" method="POST">
        <service class="RealexPayments\HPP\Api\RealexPaymentManagementInterface" method="restoreCart"/>
        <resources>
            <resource ref="anonymous"/>
        </resources>
    </route>
    <route url="/V1/carts/mine/realexpayments-restore-cart" method="POST">
        <service class="RealexPayments\HPP\Api\RealexPaymentManagementInterface" method="restoreCart"/>
        <resources>
            <resource ref="self"/>
        </resources>
        <!--<data>-->
            <!--<parameter name="cartId" force="true">%cart_id%</parameter>-->
        <!--</data>-->
    </route>
</routes>
